"sample_description","sample_id","index_barcode","is.neg","dna_conc","sample_origin","extraction_batch","dna_extraction_kit","sample_names","MiSeq_Run","sample_sums","sample_name"
"MC_KB_03_stock","MC0","TAGGACGGGAGT","FALSE",11.89,"mock_community","1","QiaAMP DNA minikit","ms719_s002","719",19013,"ms719_s002"
"MC_KB_03_001","MC1","AAGTCTTATCTC","FALSE",6.18,"mock_community","1","QiaAMP DNA minikit","ms719_s003","719",54770,"ms719_s003"
"MC_KB_03_002","MC2","TTGCACCGTCGA","FALSE",7.73,"mock_community","1","QiaAMP DNA minikit","ms719_s004","719",28759,"ms719_s004"
"MC_KB_03_003","MC3","CTCCGAACAACA","FALSE",14.9,"mock_community","1","QiaAMP DNA minikit","ms719_s005","719",13585,"ms719_s005"
"MC_KB_03_004","MC4","TCTGGCTACGAC","FALSE",13.57,"mock_community","1","QiaAMP DNA minikit","ms719_s006","719",13427,"ms719_s006"
"MC_KB_03_005","MC5","AGTAGTTTCCTT","FALSE",7.98,"mock_community","1","QiaAMP DNA minikit","ms719_s007","719",69011,"ms719_s007"
"MC_KB_03_006","MC6","CAGATCCCAACC","FALSE",6.49,"mock_community","1","QiaAMP DNA minikit","ms719_s008","719",57163,"ms719_s008"
"MC_KB_03_007","MC7","GATAGCACTCGT","FALSE",7.81,"mock_community","1","QiaAMP DNA minikit","ms719_s009","719",32562,"ms719_s009"
"MC_KB_03_008","MC8","GTAATTGTAATT","FALSE",3.37,"mock_community","1","QiaAMP DNA minikit","ms719_s010","719",80707,"ms719_s010"
"MC_KB_03_009","MC9","TGCTACAGACGT","FALSE",1.43,"mock_community","1","QiaAMP DNA minikit","ms719_s011","719",53877,"ms719_s011"
"MC_KB_03_010","MC10","AGGTGAGTTCTA","FALSE",1.74,"mock_community","1","QiaAMP DNA minikit","ms719_s012","719",96626,"ms719_s012"
